"id","action_time","object_id","object_repr","action_flag","change_message","content_type_id","user_id"
1,2024-01-12 03:28:34.486 +0100,"2",Test,1,"[{""added"": {}}]",4,1
2,2024-01-12 03:29:12.127 +0100,"1",Rucher 1 - Test,1,"[{""added"": {}}]",7,1
3,2024-01-12 03:29:18.960 +0100,"2",Rucher 2 - admin,1,"[{""added"": {}}]",7,1
4,2024-01-12 03:29:42.082 +0100,"1","1 - Ruche 1 - En activité - 2024-01-12 - 0 - Apis mellifera carnica - A",1,"[{""added"": {}}]",8,1
5,2024-01-12 03:29:54.739 +0100,"2","2 - Ruche 2 - En activité - 2024-01-12 - 2 - Apis mellifera carnica - A",1,"[{""added"": {}}]",8,1
6,2024-01-12 03:30:09.911 +0100,"3","3 - Ruche 3 - En attente - 2024-01-12 - 2 - Apis Mellifera Ligustica - W",1,"[{""added"": {}}]",8,1
7,2024-01-12 03:30:24.781 +0100,"4","4 - Ruche 4 - En attente - 2024-01-12 - 2 - Apis mellifera carnica - W",1,"[{""added"": {}}]",8,1
8,2024-01-12 03:30:39.294 +0100,"5","5 - Ruche 5 - En attente - 2024-01-12 - 2 - Apis mellifera carnica - W",1,"[{""added"": {}}]",8,1
9,2024-01-12 03:31:26.724 +0100,"1","1 - Ruche 1 - En activité - 2024-01-12 - 0 - Apis mellifera carnica - A - 2024-01-12 - Check de santé",1,"[{""added"": {}}]",9,1
10,2024-01-12 03:31:45.918 +0100,"2","1 - Ruche 1 - En activité - 2024-01-12 - 0 - Apis mellifera carnica - A - 2024-01-12 - Récolte",1,"[{""added"": {}}]",9,1
11,2024-01-12 03:31:58.803 +0100,"3","4 - Ruche 4 - En attente - 2024-01-12 - 2 - Apis mellifera carnica - W - 2024-01-12 - Suppression cellules royales",1,"[{""added"": {}}]",9,1
12,2024-01-12 03:32:19.132 +0100,"4","3 - Ruche 3 - En attente - 2024-01-12 - 2 - Apis Mellifera Ligustica - W - 2024-01-12 - Check de santé",1,"[{""added"": {}}]",9,1
13,2024-01-12 03:32:31.881 +0100,"5","5 - Ruche 5 - En attente - 2024-01-12 - 2 - Apis mellifera carnica - W - 2024-01-12 - Pose des hausses",1,"[{""added"": {}}]",9,1
14,2024-01-12 03:32:40.555 +0100,"6","3 - Ruche 3 - En attente - 2024-01-12 - 2 - Apis Mellifera Ligustica - W - 2024-01-12 - Distribution de sirop",1,"[{""added"": {}}]",9,1
15,2024-01-12 04:21:28.295 +0100,"7","2 - Ruche 2 - En activité - 2024-01-12 - 2 - Apis mellifera carnica - A - 2024-01-12 - Destruction",1,"[{""added"": {}}]",9,1
